dataset,method_name,k,acc_mean,acc_std,ll_mean,pred_mean,total_mean,mem_mean,acc_diff,pred_speedup
Diabetes130US,emb_cosine,16,0.57,0.0014,0.977,6.3472,16.3247,52119.9562,-0.0476,3.0667
Diabetes130US,emb_cosine,32,0.5727,0.0021,0.9225,8.6079,17.2897,52119.9562,-0.0449,2.2613
Diabetes130US,emb_cosine,64,0.5836,0.0011,0.8937,12.8881,21.7446,52119.9562,-0.0341,1.5103
Diabetes130US,emb_cosine,128,0.5944,0.0004,0.8754,22.587,32.0489,67764.1985,-0.0232,0.8618
Diabetes130US,emb_euclidean,16,0.5695,0.0012,0.9762,6.608,16.5688,52119.9562,-0.0482,2.9457
Diabetes130US,emb_euclidean,32,0.5721,0.003,0.9226,8.8658,18.3515,52119.9562,-0.0455,2.1955
Diabetes130US,emb_euclidean,64,0.5836,0.0018,0.8942,13.1472,22.6417,52119.9562,-0.034,1.4805
Diabetes130US,emb_euclidean,128,0.5948,0.0006,0.8755,23.5962,33.2405,67764.1985,-0.0229,0.8249
Diabetes130US,full_tabicl,81412,0.6176,0.0011,0.8371,19.4648,23.5134,53565.7368,0.0,1.0
Diabetes130US,random,16,0.5718,0.0033,0.9377,27.0688,35.8478,52119.9562,-0.0458,0.7191
Diabetes130US,random,32,0.5718,0.0031,0.9275,29.5056,39.0286,52119.9562,-0.0458,0.6597
Diabetes130US,random,64,0.5739,0.0017,0.9184,33.6001,43.2636,52119.9562,-0.0438,0.5793
Diabetes130US,random,128,0.5821,0.0011,0.8964,44.7924,55.0734,67764.1985,-0.0356,0.4346
Diabetes130US,raw_cosine,16,0.5369,0.0033,1.0399,5.6347,15.85,52119.9562,-0.0807,3.4545
Diabetes130US,raw_cosine,32,0.5406,0.0023,0.9829,7.8963,16.6829,52119.9562,-0.077,2.465
Diabetes130US,raw_cosine,64,0.554,0.0027,0.9476,12.1754,21.1117,52119.9562,-0.0636,1.5987
Diabetes130US,raw_cosine,128,0.5756,0.0014,0.9109,22.1193,31.6446,67839.1973,-0.042,0.88
Diabetes130US,raw_euclidean,16,0.5354,0.0039,1.0432,5.8996,15.8257,52119.9562,-0.0823,3.2993
Diabetes130US,raw_euclidean,32,0.5393,0.0032,0.9831,8.1602,17.691,52119.9562,-0.0784,2.3853
Diabetes130US,raw_euclidean,64,0.5536,0.003,0.9478,12.473,22.1325,52119.9562,-0.0641,1.5606
Diabetes130US,raw_euclidean,128,0.5745,0.0029,0.9109,23.0455,32.6946,67839.1973,-0.0431,0.8446
MagicTelescope,emb_cosine,16,0.8521,0.0011,0.3771,0.8798,1.6688,3649.2841,-0.0517,1.1729
MagicTelescope,emb_cosine,32,0.8715,0.0038,0.3263,1.3081,2.1763,6543.0733,-0.0323,0.7889
MagicTelescope,emb_cosine,64,0.8819,0.0023,0.296,2.0845,2.8557,12322.8483,-0.0219,0.4951
MagicTelescope,emb_cosine,128,0.8871,0.0025,0.2817,3.8951,4.6718,23886.1476,-0.0167,0.2649
MagicTelescope,emb_cosine,256,0.8924,0.0034,0.2708,7.6131,8.4052,47014.7359,-0.0114,0.1355
MagicTelescope,emb_euclidean,16,0.8525,0.0017,0.3767,0.8881,1.6949,3649.2841,-0.0513,1.162
MagicTelescope,emb_euclidean,32,0.8712,0.0028,0.3263,1.3128,2.1798,6543.0733,-0.0325,0.7861
MagicTelescope,emb_euclidean,64,0.8814,0.0025,0.2958,2.0939,2.8645,12322.8483,-0.0224,0.4928
MagicTelescope,emb_euclidean,128,0.8877,0.002,0.2816,3.8995,4.6696,23886.1476,-0.0161,0.2646
MagicTelescope,emb_euclidean,256,0.8923,0.0036,0.2711,7.6119,8.3969,47014.7359,-0.0115,0.1356
MagicTelescope,full_tabicl,15216,0.9038,0.0045,0.2456,1.0319,1.5167,3638.075,0.0,1.0
MagicTelescope,random,16,0.8269,0.0055,0.4358,3.623,4.4757,3648.276,-0.0769,0.2848
MagicTelescope,random,32,0.8459,0.008,0.397,4.032,4.8213,6542.0652,-0.0579,0.2559
MagicTelescope,random,64,0.8568,0.0071,0.3611,4.8412,5.6241,12322.8483,-0.047,0.2132
MagicTelescope,random,128,0.8622,0.0053,0.3317,6.6338,7.4167,23886.1476,-0.0416,0.1556
MagicTelescope,random,256,0.8683,0.0052,0.3141,10.3045,11.0956,47014.7359,-0.0355,0.1001
MagicTelescope,raw_cosine,16,0.8458,0.0056,0.3896,0.8632,1.6636,3652.3274,-0.058,1.1954
MagicTelescope,raw_cosine,32,0.8648,0.004,0.3386,1.2821,2.1565,6546.1166,-0.039,0.8049
MagicTelescope,raw_cosine,64,0.878,0.0039,0.3038,2.0647,2.8416,12326.316,-0.0258,0.4998
MagicTelescope,raw_cosine,128,0.8849,0.0039,0.2856,3.8688,4.6411,23889.1909,-0.0189,0.2667
MagicTelescope,raw_cosine,256,0.8937,0.0032,0.2722,7.5982,8.3714,47018.5641,-0.0101,0.1358
MagicTelescope,raw_euclidean,16,0.8466,0.0025,0.3931,0.8705,1.6774,3652.3274,-0.0572,1.1854
MagicTelescope,raw_euclidean,32,0.8662,0.003,0.3349,1.2906,2.155,6546.1166,-0.0375,0.7996
MagicTelescope,raw_euclidean,64,0.8772,0.0013,0.3034,2.0721,2.8483,12326.316,-0.0266,0.498
MagicTelescope,raw_euclidean,128,0.8853,0.0031,0.2848,3.8796,4.6529,23889.1909,-0.0185,0.266
MagicTelescope,raw_euclidean,256,0.8918,0.0018,0.273,7.5978,8.3908,47018.5641,-0.012,0.1358
MiniBooNE,emb_cosine,16,0.931,0.0011,0.1858,8.4286,21.4544,54965.4246,-0.0232,3.4895
MiniBooNE,emb_cosine,32,0.9315,0.0017,0.1836,11.3192,22.8746,54965.4246,-0.0226,2.5984
MiniBooNE,emb_cosine,64,0.9373,0.0018,0.1741,16.7974,28.5581,54965.4246,-0.0169,1.7509
MiniBooNE,emb_euclidean,16,0.9312,0.0012,0.1855,9.0751,21.9175,54965.4246,-0.023,3.2409
MiniBooNE,emb_euclidean,32,0.9318,0.0018,0.183,11.9558,24.5577,54965.4246,-0.0224,2.46
MiniBooNE,emb_euclidean,64,0.9376,0.0016,0.1737,17.4678,29.829,54965.4246,-0.0165,1.6837
MiniBooNE,full_tabicl,104051,0.9542,0.0017,0.1178,29.4114,34.259,57584.13,0.0,1.0
MiniBooNE,random,16,0.8737,0.0017,0.3756,35.9886,47.2751,54965.4246,-0.0805,0.8172
MiniBooNE,random,32,0.8914,0.0018,0.3313,38.5895,51.3226,54965.4246,-0.0628,0.7622
MiniBooNE,random,64,0.9064,0.0012,0.2801,44.1035,57.2245,54965.4246,-0.0478,0.6669
MiniBooNE,random,128,0.9156,0.0016,0.2306,60.5511,74.2448,82024.7383,-0.0385,0.4857
MiniBooNE,raw_cosine,16,0.923,0.0024,0.2187,7.2596,20.232,54965.4246,-0.0311,4.0514
MiniBooNE,raw_cosine,32,0.9246,0.002,0.2039,10.1507,21.9394,54965.4246,-0.0295,2.8975
MiniBooNE,raw_cosine,64,0.9333,0.0025,0.182,15.6261,27.4819,54965.4246,-0.0209,1.8822
MiniBooNE,raw_euclidean,16,0.9237,0.001,0.2103,7.9365,20.9476,54965.4246,-0.0304,3.7058
MiniBooNE,raw_euclidean,32,0.9264,0.0016,0.1981,10.8268,23.4598,54965.4246,-0.0277,2.7165
MiniBooNE,raw_euclidean,64,0.9341,0.001,0.1804,16.3016,29.0667,54965.4246,-0.02,1.8042
adult,emb_cosine,16,0.8415,0.0042,0.3867,2.4905,4.5732,9729.2989,-0.034,1.9433
adult,emb_cosine,32,0.8507,0.0019,0.341,3.5248,5.2231,11316.8348,-0.0249,1.373
adult,emb_cosine,64,0.8593,0.0019,0.3146,5.5869,7.2786,21120.3958,-0.0162,0.8662
adult,emb_cosine,128,0.8663,0.0027,0.2992,10.2213,11.9193,40731.1488,-0.0093,0.4735
adult,emb_cosine,256,0.8686,0.0019,0.2905,21.3547,23.0762,79943.8525,-0.007,0.2266
adult,emb_euclidean,16,0.841,0.0043,0.3863,2.548,4.6602,9729.2989,-0.0345,1.8994
adult,emb_euclidean,32,0.8509,0.0023,0.3405,3.5822,5.306,11315.7105,-0.0246,1.351
adult,emb_euclidean,64,0.86,0.0017,0.3143,5.645,7.3339,21120.3958,-0.0155,0.8573
adult,emb_euclidean,128,0.8665,0.0026,0.299,10.2863,11.9866,40731.1488,-0.009,0.4705
adult,emb_euclidean,256,0.8689,0.0017,0.2905,21.5787,23.3118,79943.8525,-0.0067,0.2243
adult,full_tabicl,39073,0.8755,0.0017,0.2733,4.8396,5.7122,11714.986,0.0,1.0
adult,random,16,0.8226,0.0035,0.4064,11.8557,13.5453,9729.2989,-0.0529,0.4082
adult,random,32,0.8334,0.0034,0.381,12.9384,14.7812,11317.2096,-0.0421,0.3741
adult,random,64,0.8459,0.003,0.344,15.0008,16.8652,21120.3958,-0.0297,0.3226
adult,random,128,0.8514,0.0043,0.3214,19.6303,21.4986,40731.1488,-0.0241,0.2465
adult,random,256,0.8529,0.0033,0.3143,30.304,32.1782,79944.4628,-0.0226,0.1597
adult,raw_cosine,16,0.8322,0.0044,0.3973,2.3182,4.3832,9729.2989,-0.0433,2.0876
adult,raw_cosine,32,0.8417,0.003,0.3584,3.3478,5.0593,11327.7757,-0.0338,1.4456
adult,raw_cosine,64,0.8518,0.0025,0.329,5.4094,7.1209,21131.6495,-0.0237,0.8947
adult,raw_cosine,128,0.8586,0.002,0.3099,10.0428,11.7505,40742.0826,-0.017,0.4819
adult,raw_cosine,256,0.8637,0.0022,0.298,21.1811,22.9025,79955.3966,-0.0119,0.2285
adult,raw_euclidean,16,0.8316,0.0042,0.3961,2.3772,4.4479,9729.2989,-0.0439,2.0359
adult,raw_euclidean,32,0.8424,0.0043,0.3548,3.4055,5.1196,11326.6514,-0.0331,1.4211
adult,raw_euclidean,64,0.8523,0.0026,0.3281,5.4692,7.1711,21131.3367,-0.0232,0.8849
adult,raw_euclidean,128,0.8599,0.0028,0.3089,10.1117,11.8193,40742.0826,-0.0156,0.4786
adult,raw_euclidean,256,0.8641,0.0021,0.2971,21.4027,23.139,79955.3966,-0.0114,0.2261
bank-marketing,emb_cosine,16,0.8966,0.0014,0.2408,2.3264,4.5223,9987.8246,-0.0138,1.8531
bank-marketing,emb_cosine,32,0.8974,0.0019,0.2285,3.2855,5.0729,10802.6296,-0.013,1.3121
bank-marketing,emb_cosine,64,0.9008,0.0018,0.2188,5.1924,6.9682,20176.7869,-0.0097,0.8303
bank-marketing,emb_cosine,128,0.9038,0.0024,0.211,9.471,11.2505,38925.9909,-0.0067,0.4552
bank-marketing,emb_cosine,256,0.9058,0.0016,0.2051,19.6153,21.4201,76428.9137,-0.0046,0.2198
bank-marketing,emb_euclidean,16,0.8969,0.0019,0.2402,2.3786,4.4897,9987.8246,-0.0135,1.8124
bank-marketing,emb_euclidean,32,0.8971,0.003,0.2284,3.3336,5.139,10802.6051,-0.0134,1.2932
bank-marketing,emb_euclidean,64,0.9012,0.0017,0.2186,5.2413,7.0372,20176.7869,-0.0093,0.8225
bank-marketing,emb_euclidean,128,0.9039,0.0022,0.2108,9.5239,11.3095,38925.9909,-0.0065,0.4527
bank-marketing,emb_euclidean,256,0.9062,0.0016,0.205,19.7227,21.5196,76428.9137,-0.0043,0.2186
bank-marketing,full_tabicl,36168,0.9105,0.0024,0.1911,4.3111,5.2706,12042.6476,0.0,1.0
bank-marketing,random,16,0.8778,0.0041,0.3505,10.8775,12.6411,9987.8603,-0.0326,0.3963
bank-marketing,random,32,0.8683,0.0021,0.3883,11.8489,13.7859,10803.457,-0.0422,0.3638
bank-marketing,random,64,0.8869,0.0032,0.323,13.8202,15.7331,20176.7869,-0.0236,0.3119
bank-marketing,random,128,0.8979,0.0008,0.251,18.049,19.964,38925.9909,-0.0125,0.2389
bank-marketing,random,256,0.9009,0.0016,0.2214,27.262,29.2245,76428.9137,-0.0095,0.1581
bank-marketing,raw_cosine,16,0.8849,0.0036,0.282,2.1843,4.4024,9987.8246,-0.0255,1.9737
bank-marketing,raw_cosine,32,0.8869,0.0035,0.2567,3.1355,4.96,10814.2039,-0.0235,1.3749
bank-marketing,raw_cosine,64,0.8956,0.0022,0.2328,5.0436,6.8279,20188.3607,-0.0148,0.8548
bank-marketing,raw_cosine,128,0.9,0.0021,0.217,9.3239,11.1318,38938.3557,-0.0105,0.4624
bank-marketing,raw_cosine,256,0.9045,0.0023,0.2078,19.5249,21.3353,76440.4511,-0.006,0.2208
bank-marketing,raw_euclidean,16,0.8836,0.0031,0.2885,2.2362,4.4998,9987.8246,-0.0269,1.9279
bank-marketing,raw_euclidean,32,0.8882,0.0024,0.2588,3.1868,4.9926,10813.3888,-0.0223,1.3528
bank-marketing,raw_euclidean,64,0.8957,0.0022,0.2333,5.0937,6.8773,20188.3607,-0.0148,0.8463
bank-marketing,raw_euclidean,128,0.9004,0.0016,0.2171,9.375,11.1673,38938.3557,-0.01,0.4598
bank-marketing,raw_euclidean,256,0.9049,0.0021,0.2078,19.6317,21.4338,76440.4511,-0.0055,0.2196
blood-transfusion,emb_cosine,16,0.7533,0.017,0.7271,0.054,0.3822,385.5257,-0.0387,1.749
blood-transfusion,emb_cosine,32,0.7733,0.0133,0.533,0.0714,0.4008,558.3224,-0.0187,1.3221
blood-transfusion,emb_cosine,64,0.78,0.0125,0.5043,0.1034,0.4398,904.5528,-0.012,0.9136
blood-transfusion,emb_cosine,128,0.7907,0.0153,0.4885,0.1733,0.4992,1596.8792,-0.0013,0.545
blood-transfusion,emb_cosine,256,0.7947,0.0128,0.4877,0.3148,0.638,2975.9368,0.0027,0.3
blood-transfusion,emb_euclidean,16,0.752,0.0145,0.7268,0.0544,0.3862,385.5257,-0.04,1.7366
blood-transfusion,emb_euclidean,32,0.7747,0.011,0.534,0.0713,0.4011,558.3224,-0.0173,1.324
blood-transfusion,emb_euclidean,64,0.78,0.0125,0.5043,0.1036,0.4296,904.5528,-0.012,0.912
blood-transfusion,emb_euclidean,128,0.7893,0.0153,0.4891,0.1733,0.5061,1596.8792,-0.0027,0.5452
blood-transfusion,emb_euclidean,256,0.7947,0.0128,0.4873,0.3147,0.6487,2975.9368,0.0027,0.3001
blood-transfusion,full_tabicl,598,0.792,0.0056,0.4792,0.0945,0.3991,260.9247,0.0,1.0
blood-transfusion,random,16,0.768,0.0228,0.4947,0.0941,0.4215,385.5257,-0.024,1.0037
blood-transfusion,random,32,0.7787,0.011,0.5009,0.1131,0.4393,558.3224,-0.0133,0.8352
blood-transfusion,random,64,0.7947,0.0145,0.4833,0.1453,0.4698,904.5528,0.0027,0.6502
blood-transfusion,random,128,0.7853,0.0056,0.4867,0.215,0.5391,1596.8792,-0.0067,0.4394
blood-transfusion,random,256,0.8,0.0047,0.4808,0.3567,0.6871,2975.9368,0.008,0.2648
blood-transfusion,raw_cosine,16,0.7453,0.0238,0.6654,0.0546,0.3885,385.5738,-0.0467,1.7303
blood-transfusion,raw_cosine,32,0.7747,0.0128,0.5471,0.0723,0.3969,558.3705,-0.0173,1.3073
blood-transfusion,raw_cosine,64,0.784,0.0153,0.5005,0.1046,0.4323,904.6009,-0.008,0.9031
blood-transfusion,raw_cosine,128,0.7933,0.0156,0.4858,0.174,0.5006,1596.9273,0.0013,0.5428
blood-transfusion,raw_cosine,256,0.792,0.0128,0.4861,0.3153,0.6554,2975.9849,0.0,0.2996
blood-transfusion,raw_euclidean,16,0.7587,0.0173,0.6195,0.0556,0.3876,385.5738,-0.0333,1.6996
blood-transfusion,raw_euclidean,32,0.768,0.0145,0.5151,0.0724,0.3962,558.3705,-0.024,1.3046
blood-transfusion,raw_euclidean,64,0.7893,0.0214,0.4936,0.1044,0.4286,904.6009,-0.0027,0.9052
blood-transfusion,raw_euclidean,128,0.792,0.0159,0.4877,0.1742,0.5035,1596.9273,0.0,0.5421
blood-transfusion,raw_euclidean,256,0.7907,0.0112,0.4861,0.3155,0.657,2975.9849,-0.0013,0.2994
credit-card-fraud,emb_cosine,16,0.9995,0.0001,0.0034,21.2837,41.1114,60633.2436,-0.0001,4.8635
credit-card-fraud,emb_cosine,32,0.9995,0.0001,0.0033,27.6131,50.2473,60655.1163,-0.0,3.7487
credit-card-fraud,full_tabicl,227845,0.9996,0.0001,0.0022,103.5128,112.0855,61631.5105,0.0,1.0
credit-card-fraud,raw_cosine,16,0.9995,0.0001,0.0036,15.0609,35.0195,60671.7629,-0.0001,6.873
credit-card-fraud,raw_cosine,32,0.9995,0.0001,0.0035,21.3917,41.5519,60705.0276,-0.0001,4.8389
credit-g,emb_cosine,16,0.702,0.0067,0.5873,0.0768,0.4752,654.737,-0.068,2.1272
credit-g,emb_cosine,32,0.696,0.023,0.5933,0.0998,0.4952,733.8157,-0.074,1.6381
credit-g,emb_cosine,64,0.72,0.0237,0.5311,0.1421,0.5316,1193.0117,-0.05,1.1503
credit-g,emb_cosine,128,0.743,0.0164,0.4983,0.2351,0.6177,2109.395,-0.027,0.695
credit-g,emb_cosine,256,0.758,0.0202,0.4765,0.4243,0.822,3945.2222,-0.012,0.3851
credit-g,emb_euclidean,16,0.706,0.0152,0.5928,0.0768,0.4813,654.737,-0.064,2.1287
credit-g,emb_euclidean,32,0.684,0.0286,0.5893,0.1,0.4938,733.8157,-0.086,1.634
credit-g,emb_euclidean,64,0.727,0.0214,0.5338,0.1427,0.5351,1193.0117,-0.043,1.1454
credit-g,emb_euclidean,128,0.744,0.0207,0.4972,0.2358,0.6268,2109.395,-0.026,0.693
credit-g,emb_euclidean,256,0.758,0.0199,0.4762,0.4243,0.8261,3945.2222,-0.012,0.3851
credit-g,full_tabicl,800,0.77,0.0177,0.4664,0.1634,0.4993,667.7509,0.0,1.0
credit-g,random,16,0.725,0.0414,0.5605,0.1318,0.521,654.9467,-0.045,1.2398
credit-g,random,32,0.72,0.0437,0.5393,0.1564,0.5638,733.9959,-0.05,1.045
credit-g,random,64,0.747,0.0211,0.4967,0.199,0.6017,1193.4017,-0.023,0.8214
credit-g,random,128,0.774,0.0227,0.4752,0.2927,0.693,2109.6048,0.004,0.5584
credit-g,random,256,0.771,0.0185,0.4739,0.481,0.8979,3945.432,0.001,0.3398
credit-g,raw_cosine,16,0.686,0.0124,0.5892,0.0805,0.486,654.9467,-0.084,2.0292
credit-g,raw_cosine,32,0.69,0.0184,0.6044,0.1016,0.4955,734.1357,-0.08,1.6091
credit-g,raw_cosine,64,0.722,0.0189,0.526,0.1439,0.5438,1193.3317,-0.048,1.1356
credit-g,raw_cosine,128,0.751,0.0042,0.4862,0.2368,0.6321,2109.715,-0.019,0.6902
credit-g,raw_cosine,256,0.763,0.0233,0.479,0.4265,0.831,3945.5422,-0.007,0.3832
credit-g,raw_euclidean,16,0.688,0.0225,0.5994,0.0809,0.4829,654.9467,-0.082,2.019
credit-g,raw_euclidean,32,0.71,0.0166,0.5788,0.1017,0.5124,734.1193,-0.06,1.6072
credit-g,raw_euclidean,64,0.741,0.0216,0.509,0.1442,0.5354,1193.6168,-0.029,1.1336
credit-g,raw_euclidean,128,0.762,0.0251,0.4795,0.2378,0.6401,2109.8723,-0.008,0.6871
credit-g,raw_euclidean,256,0.754,0.0147,0.4767,0.4263,0.8257,3945.6995,-0.016,0.3833
electricity,emb_cosine,16,0.8657,0.004,0.3295,1.8175,2.9185,5538.1652,-0.0197,1.5729
electricity,emb_cosine,32,0.8718,0.0041,0.2991,2.6037,3.6982,9825.3599,-0.0136,1.0979
electricity,emb_cosine,64,0.8777,0.0041,0.2821,4.2531,5.2405,18404.3643,-0.0076,0.6722
electricity,emb_cosine,128,0.8809,0.0039,0.2728,7.9101,8.9012,35561.3542,-0.0044,0.3614
electricity,emb_cosine,256,0.8825,0.0044,0.2673,16.5228,17.5243,69874.0654,-0.0029,0.173
electricity,emb_euclidean,16,0.8659,0.0044,0.3295,1.8524,2.9487,5536.5862,-0.0195,1.5433
electricity,emb_euclidean,32,0.8713,0.0044,0.2994,2.64,3.736,9825.2554,-0.014,1.0829
electricity,emb_euclidean,64,0.8776,0.0042,0.2821,4.2927,5.2859,18404.3643,-0.0078,0.666
electricity,emb_euclidean,128,0.8802,0.0042,0.273,7.95,8.9382,35561.3542,-0.0052,0.3596
electricity,emb_euclidean,256,0.8826,0.0041,0.2673,16.7929,17.7954,69874.0654,-0.0028,0.1702
electricity,full_tabicl,30779,0.8854,0.0046,0.2572,2.8587,3.3938,5702.7282,0.0,1.0
electricity,random,16,0.7509,0.0073,0.5119,8.9945,10.0459,5538.6916,-0.1344,0.3178
electricity,random,32,0.7643,0.0068,0.4911,9.8409,10.9153,9825.3947,-0.121,0.2905
electricity,random,64,0.7777,0.0067,0.4668,11.4918,12.5746,18404.3643,-0.1077,0.2488
electricity,random,128,0.7863,0.0054,0.4524,15.2023,16.2911,35561.3542,-0.0991,0.188
electricity,random,256,0.7963,0.0066,0.4409,22.8899,23.9852,69874.0654,-0.0891,0.1249
electricity,raw_cosine,16,0.8528,0.0047,0.3716,1.7101,2.8118,5542.4748,-0.0325,1.6717
electricity,raw_cosine,32,0.8632,0.0023,0.3253,2.497,3.5912,9830.1624,-0.0222,1.1449
electricity,raw_cosine,64,0.8708,0.0032,0.2991,4.1435,5.2018,18408.2826,-0.0145,0.6899
electricity,raw_cosine,128,0.8766,0.0025,0.2812,7.7927,8.7885,35565.6381,-0.0087,0.3669
electricity,raw_cosine,256,0.8805,0.0037,0.2712,16.3669,17.367,69878.3749,-0.0049,0.1747
electricity,raw_euclidean,16,0.8541,0.0043,0.3624,1.7431,2.8915,5540.8957,-0.0313,1.64
electricity,raw_euclidean,32,0.8645,0.0033,0.3199,2.5268,3.6266,9830.058,-0.0209,1.1314
electricity,raw_euclidean,64,0.8714,0.0039,0.2967,4.1814,5.172,18408.2826,-0.014,0.6837
electricity,raw_euclidean,128,0.8775,0.0027,0.2805,7.8365,8.831,35565.6381,-0.0079,0.3648
electricity,raw_euclidean,256,0.8802,0.0045,0.2709,16.7225,17.7271,69878.3749,-0.0052,0.171
iris,emb_cosine,16,0.9533,0.0298,0.081,0.0446,0.3555,219.2998,-0.0067,2.6049
iris,emb_cosine,32,0.9533,0.0298,0.0836,0.0451,0.3579,254.335,-0.0067,2.5759
iris,emb_cosine,64,0.96,0.0365,0.0692,0.0454,0.3546,328.1715,0.0,2.5586
iris,emb_euclidean,16,0.9533,0.0298,0.0826,0.0446,0.3497,219.2998,-0.0067,2.6039
iris,emb_euclidean,32,0.9533,0.0298,0.083,0.045,0.3575,254.335,-0.0067,2.5802
iris,emb_euclidean,64,0.96,0.0365,0.0676,0.0454,0.3521,328.1715,0.0,2.5565
iris,full_tabicl,120,0.96,0.0365,0.0627,0.1162,0.4791,158.7484,0.0,1.0
iris,random,16,0.96,0.0149,0.0755,0.0718,0.3963,219.7438,0.0,1.6188
iris,random,32,0.9667,0.0236,0.065,0.0526,0.3763,254.779,0.0067,2.2091
iris,random,64,0.96,0.0149,0.0635,0.0534,0.3618,328.6573,0.0,2.1739
iris,raw_cosine,16,0.9667,0.0236,0.085,0.0481,0.3557,219.3096,0.0067,2.4172
iris,raw_cosine,32,0.9533,0.0298,0.0881,0.0459,0.3659,254.3447,-0.0067,2.5304
iris,raw_cosine,64,0.96,0.0365,0.0708,0.0466,0.3694,328.1812,0.0,2.4944
iris,raw_euclidean,16,0.9533,0.0298,0.0913,0.05,0.3575,219.3096,-0.0067,2.3246
iris,raw_euclidean,32,0.9533,0.0298,0.0951,0.046,0.3716,254.3447,-0.0067,2.5241
iris,raw_euclidean,64,0.96,0.0365,0.067,0.0464,0.3561,328.1812,0.0,2.5013
jannis,emb_cosine,16,0.7011,0.0022,0.7757,5.378,16.6139,51191.8664,-0.0672,3.0015
jannis,emb_cosine,32,0.7087,0.0027,0.7282,7.2474,16.4977,51191.8664,-0.0596,2.2273
jannis,emb_cosine,64,0.7264,0.0011,0.6885,10.7671,19.7712,51191.8664,-0.0419,1.4992
jannis,emb_cosine,128,0.7379,0.0012,0.6594,19.215,28.6658,58689.9686,-0.0304,0.8401
jannis,emb_euclidean,16,0.7019,0.0015,0.7744,5.5555,16.574,51191.8664,-0.0664,2.9056
jannis,emb_euclidean,32,0.7094,0.0021,0.7274,7.4251,16.6762,51191.8664,-0.0589,2.174
jannis,emb_euclidean,64,0.7256,0.002,0.6883,10.9817,20.6317,51191.8664,-0.0427,1.4699
jannis,emb_euclidean,128,0.7377,0.0019,0.6599,20.2096,29.8996,58688.2668,-0.0306,0.7987
jannis,full_tabicl,66986,0.7683,0.0023,0.5954,16.1422,21.0011,53202.7945,0.0,1.0
jannis,random,16,0.6076,0.0059,0.9292,22.4528,31.4905,51191.8664,-0.1607,0.7189
jannis,random,32,0.6351,0.003,0.881,24.1653,33.8858,51191.8664,-0.1332,0.668
jannis,random,64,0.6525,0.0026,0.8354,27.6397,37.4392,51191.8664,-0.1158,0.584
jannis,random,128,0.6669,0.0029,0.7975,35.5778,45.8694,58690.5359,-0.1014,0.4537
jannis,raw_cosine,16,0.6397,0.0046,0.9073,4.9511,16.151,51191.8664,-0.1286,3.2603
jannis,raw_cosine,32,0.6544,0.0026,0.8494,6.8199,15.867,51191.8664,-0.1139,2.3669
jannis,raw_cosine,64,0.6771,0.0026,0.7887,10.3414,19.6592,51191.8664,-0.0912,1.5609
jannis,raw_cosine,128,0.7025,0.0022,0.733,18.883,28.513,58762.3142,-0.0658,0.8549
jannis,raw_euclidean,16,0.6393,0.0018,0.8941,5.1277,16.3717,51191.8664,-0.129,3.1481
jannis,raw_euclidean,32,0.6542,0.004,0.8357,6.9969,16.4784,51191.8664,-0.1141,2.307
jannis,raw_euclidean,64,0.6781,0.0029,0.7808,10.6594,20.5075,51191.8664,-0.0902,1.5144
jannis,raw_euclidean,128,0.7036,0.0037,0.7279,19.7695,29.4046,58760.6124,-0.0647,0.8165
numerai28.6,emb_cosine,16,0.5051,0.0033,0.7754,5.2703,9.8361,26257.2605,-0.0181,2.7957
numerai28.6,emb_cosine,32,0.5044,0.0024,0.7707,7.4078,11.727,26257.2605,-0.0188,1.989
numerai28.6,emb_cosine,64,0.5079,0.0027,0.7622,11.4593,15.7981,33520.2811,-0.0153,1.2858
numerai28.6,emb_cosine,128,0.5072,0.0013,0.7366,20.5702,24.9241,64346.7771,-0.016,0.7163
numerai28.6,emb_euclidean,16,0.5046,0.0036,0.7765,5.4993,9.8482,26257.2605,-0.0186,2.6793
numerai28.6,emb_euclidean,32,0.5047,0.0025,0.7713,7.6365,11.9923,26257.2605,-0.0185,1.9295
numerai28.6,emb_euclidean,64,0.5066,0.0021,0.7626,11.6848,16.0195,33519.1014,-0.0167,1.261
numerai28.6,emb_euclidean,128,0.5077,0.0019,0.7375,21.8161,26.1613,64345.5974,-0.0155,0.6754
numerai28.6,full_tabicl,77056,0.5232,0.0041,0.6916,14.7342,16.7176,31854.0677,0.0,1.0
numerai28.6,random,16,0.502,0.0033,0.7107,24.8875,29.2102,26257.2605,-0.0212,0.592
numerai28.6,random,32,0.5023,0.0032,0.709,27.2012,32.1928,26257.2605,-0.0209,0.5417
numerai28.6,random,64,0.501,0.004,0.7088,31.2805,36.4961,33521.2969,-0.0222,0.471
numerai28.6,random,128,0.503,0.0062,0.7062,41.0517,46.8319,64347.1703,-0.0202,0.3589
numerai28.6,raw_cosine,16,0.5034,0.0032,0.8419,4.5768,9.1202,26257.2605,-0.0198,3.2193
numerai28.6,raw_cosine,32,0.5046,0.0022,0.8238,6.7157,11.0805,26257.2605,-0.0186,2.194
numerai28.6,raw_cosine,64,0.5046,0.0022,0.7909,10.765,15.1439,33552.6446,-0.0186,1.3687
numerai28.6,raw_cosine,128,0.5068,0.0017,0.7456,19.8842,24.2809,64379.1406,-0.0164,0.741
numerai28.6,raw_euclidean,16,0.5025,0.003,0.8184,4.8093,9.1853,26257.2605,-0.0207,3.0637
numerai28.6,raw_euclidean,32,0.502,0.0019,0.7973,6.9429,11.3152,26257.2605,-0.0212,2.1222
numerai28.6,raw_euclidean,64,0.5062,0.002,0.7735,10.9931,15.3631,33551.465,-0.017,1.3403
numerai28.6,raw_euclidean,128,0.5072,0.002,0.7414,21.1244,25.5029,64377.961,-0.016,0.6975
phoneme,emb_cosine,16,0.9049,0.0086,0.223,0.251,0.6546,1640.1695,-0.0126,0.8631
phoneme,emb_cosine,32,0.9073,0.01,0.2073,0.3683,0.875,2878.9514,-0.0102,0.5882
phoneme,emb_cosine,64,0.9101,0.0077,0.2019,0.5896,0.9928,5361.2216,-0.0074,0.3675
phoneme,emb_cosine,128,0.9114,0.0079,0.1977,1.1025,1.5107,10322.7054,-0.0061,0.1965
phoneme,emb_cosine,256,0.9123,0.0053,0.193,2.153,2.5592,20243.2553,-0.0052,0.1006
phoneme,emb_euclidean,16,0.9049,0.0091,0.2226,0.2519,0.6662,1640.1695,-0.0126,0.8602
phoneme,emb_euclidean,32,0.9086,0.0093,0.2075,0.3692,0.8622,2878.9514,-0.0089,0.5869
phoneme,emb_euclidean,64,0.9099,0.0079,0.2021,0.5901,0.99,5361.2216,-0.0076,0.3672
phoneme,emb_euclidean,128,0.9116,0.0074,0.1974,1.1025,1.5061,10322.6245,-0.0059,0.1965
phoneme,emb_euclidean,256,0.9121,0.0054,0.1932,2.1535,2.5549,20243.2553,-0.0054,0.1006
phoneme,full_tabicl,4323,0.9175,0.006,0.1888,0.2167,0.5359,769.3788,0.0,1.0
phoneme,random,16,0.802,0.0035,0.4102,0.932,1.4213,1640.0318,-0.1154,0.2325
phoneme,random,32,0.815,0.0074,0.3863,1.0565,1.4662,2878.9514,-0.1025,0.2051
phoneme,random,64,0.8294,0.0117,0.3568,1.2732,1.6703,5361.2216,-0.0881,0.1702
phoneme,random,128,0.8379,0.008,0.3403,1.7862,2.1935,10322.7863,-0.0796,0.1213
phoneme,random,256,0.8525,0.0099,0.3217,2.8515,3.2564,20243.2553,-0.0649,0.076
phoneme,raw_cosine,16,0.9079,0.0056,0.2263,0.2553,0.6882,1640.6021,-0.0096,0.8488
phoneme,raw_cosine,32,0.9082,0.0066,0.2083,0.3714,0.8742,2879.3841,-0.0093,0.5833
phoneme,raw_cosine,64,0.9105,0.0073,0.2032,0.5906,0.9968,5361.6543,-0.007,0.3668
phoneme,raw_cosine,128,0.9121,0.0076,0.2002,1.1035,1.5054,10323.138,-0.0054,0.1963
phoneme,raw_cosine,256,0.9125,0.0055,0.194,2.154,2.5563,20243.6879,-0.005,0.1006
phoneme,raw_euclidean,16,0.908,0.0078,0.2214,0.2555,0.6675,1640.6021,-0.0094,0.8479
phoneme,raw_euclidean,32,0.9056,0.0077,0.2102,0.3728,0.8692,2879.3841,-0.0118,0.5812
phoneme,raw_euclidean,64,0.9108,0.0079,0.2016,0.5909,0.984,5361.6543,-0.0067,0.3666
phoneme,raw_euclidean,128,0.911,0.0071,0.2001,1.1036,1.4988,10323.0572,-0.0065,0.1963
phoneme,raw_euclidean,256,0.9119,0.0063,0.1955,2.1539,2.5497,20243.6879,-0.0056,0.1006
